id,code,name,parent_id/id,account_type,reconcile,chart_template_id/id
a_1000_00,1000.00,***สินทรัพย์***,,view,FALSE,ineco_l10n_th.chart
a_1100_00,1100.00,สินทรัพย์หมุนเวียน,ineco_l10n_th.a_1000_00,view,FALSE,ineco_l10n_th.chart
a_1110_00,1110.00,เงินสดและเงินฝากธนาคาร,ineco_l10n_th.a_1100_00,view,FALSE,ineco_l10n_th.chart
a_1110_01,1110.01,เงินสดค้างรับ,ineco_l10n_th.a_1110_00,asset_current,TRUE,ineco_l10n_th.chart
a_1110_02,1110.02,เงินสดค้างจ่าย,ineco_l10n_th.a_1110_00,asset_current,TRUE,ineco_l10n_th.chart
a_1110_03,1110.03,ธนาคารค้างรับ,ineco_l10n_th.a_1110_00,asset_current,TRUE,ineco_l10n_th.chart
a_1110_04,1110.04,ธนาคารค้างจ่าย,ineco_l10n_th.a_1110_00,asset_current,TRUE,ineco_l10n_th.chart
a_1111_00,1111.00,เงินสด,ineco_l10n_th.a_1110_00,view,TRUE,ineco_l10n_th.chart
a_1111_50,1111.50,เงินสดย่อย,,asset_cash,TRUE,ineco_l10n_th.chart
a_1112_00,1112.00,เงินฝากกระแสรายวัน,ineco_l10n_th.a_1110_00,view,FALSE,ineco_l10n_th.chart
a_1112_01,1112.01,เงินฝากกระแสรายวัน 999.999.9999,ineco_l10n_th.a_1112_00,asset_cash,TRUE,ineco_l10n_th.chart
a_1113_00,1113.00,เงินฝากออมทรัพย์,ineco_l10n_th.a_1110_00,view,FALSE,ineco_l10n_th.chart
a_1113_01,1113.01,เงินฝากออมทรัพย์ 999.9999.999,ineco_l10n_th.a_1113_00,asset_cash,TRUE,ineco_l10n_th.chart
a_1114_00,1114.00,เงินฝากประจำ,ineco_l10n_th.a_1110_00,view,FALSE,ineco_l10n_th.chart
a_1114_01,1114.01,เงินฝากประจำ 999.9.99999.1,ineco_l10n_th.a_1114_00,asset_cash,TRUE,ineco_l10n_th.chart
a_1130_00,1130.00,ลูกหนี้การค้าและตั๋วเงินรับ,ineco_l10n_th.a_1100_00,view,FALSE,ineco_l10n_th.chart
a_1130_01,1130.01,ลูกหนี้การค้าภายในประเทศ,ineco_l10n_th.a_1130_00,asset_receivable,TRUE,ineco_l10n_th.chart
a_1130_02,1130.02,ลูกหนี้การค้าต่างประเทศ,ineco_l10n_th.a_1130_00,asset_receivable,TRUE,ineco_l10n_th.chart
a_1130_03,1130.03,เช็ครับลงวันที่ล่วงหน้า,ineco_l10n_th.a_1130_00,asset_current,TRUE,ineco_l10n_th.chart
a_1130_04,1130.04,ค่าเผื่อหนี้สงสัยจะสูญ,ineco_l10n_th.a_1130_00,asset_current,TRUE,ineco_l10n_th.chart
a_1130_05,1130.05,ลูกหนี้อื่น ๆ,ineco_l10n_th.a_1130_00,asset_receivable,TRUE,ineco_l10n_th.chart
a_1140_00,1140.00,สินค้าคงเหลือ,ineco_l10n_th.a_1100_00,view,FALSE,ineco_l10n_th.chart
a_1140_01,1140.01,วัตถุดิบคงเหลือ,ineco_l10n_th.a_1140_00,asset_current,TRUE,ineco_l10n_th.chart
a_1140_02,1140.02,สินค้าสำเร็จรูปคงเหลือ,ineco_l10n_th.a_1140_00,asset_current,TRUE,ineco_l10n_th.chart
a_1140_03,1140.03,งานระหว่างทำ,ineco_l10n_th.a_1140_00,asset_current,TRUE,ineco_l10n_th.chart
a_1150_00,1150.00,สินทรัพย์หมุนเวียนอื่น ๆ,ineco_l10n_th.a_1100_00,view,TRUE,ineco_l10n_th.chart
a_1151_00,1151.00,ค่าใช้จ่ายจ่ายล่วงหน้า,ineco_l10n_th.a_1150_00,view,FALSE,ineco_l10n_th.chart
a_1151_01,1151.01,ค่าสินค้าจ่ายล่วงหน้า,ineco_l10n_th.a_1151_00,asset_current,TRUE,ineco_l10n_th.chart
a_1151_02,1151.02,ภาษีนิติบุคคลจ่ายล่วงหน้า,ineco_l10n_th.a_1151_00,asset_current,TRUE,ineco_l10n_th.chart
a_1151_03,1151.03,เงินประกัน,ineco_l10n_th.a_1151_00,asset_current,TRUE,ineco_l10n_th.chart
a_1151_04,1151.04,ค่าบริการบำรุงรักษาสนง.จ่ายล่วงหน้า,ineco_l10n_th.a_1151_00,asset_current,TRUE,ineco_l10n_th.chart
a_1151_05,1151.05,ค่าที่ปรึกษาจ่ายล่วงหน้า,ineco_l10n_th.a_1151_00,asset_current,TRUE,ineco_l10n_th.chart
a_1151_06,1151.06,ภาษีถูกหัก ณ ที่จ่าย,ineco_l10n_th.a_1151_00,asset_current,TRUE,ineco_l10n_th.chart
a_1151_07,1151.07,ค่าเบี้ยประกัน.เครื่องใช้สนง.จ่ายล่วงหน้า,ineco_l10n_th.a_1151_00,asset_current,TRUE,ineco_l10n_th.chart
a_1151_08,1151.08,ค่าเบี้ยประกัน.ยานพาหนะจ่ายล่วงหน้า,ineco_l10n_th.a_1151_00,asset_current,TRUE,ineco_l10n_th.chart
a_1151_09,1151.09,ค่าเบี้ยประกัน.อาคารและโกดังจ่ายล่วงหน้า,ineco_l10n_th.a_1151_00,asset_current,TRUE,ineco_l10n_th.chart
a_1151_10,1151.10,ค่าพัฒนาระบบคอมพิวเตอร์จ่ายล่วงหน้า,ineco_l10n_th.a_1151_00,asset_current,TRUE,ineco_l10n_th.chart
a_1151_11,1151.11,ค่าใช้จ่ายจ่ายล่วงหน้า.อื่นๆ,ineco_l10n_th.a_1151_00,asset_current,TRUE,ineco_l10n_th.chart
a_1152_00,1152.00,เงินทดลองจ่ายพนักงาน,ineco_l10n_th.a_1150_00,asset_current,TRUE,ineco_l10n_th.chart
a_1153_00,1153.00,รายได้ค้างรับ,ineco_l10n_th.a_1150_00,view,FALSE,ineco_l10n_th.chart
a_1153_01,1153.01,ดอกเบี้ยค้างรับ,ineco_l10n_th.a_1153_00,asset_current,TRUE,ineco_l10n_th.chart
a_1153_02,1153.02,รายได้ค้างรับอื่น,ineco_l10n_th.a_1153_00,asset_current,TRUE,ineco_l10n_th.chart
a_1154_00,1154.00,ภาษีซื้อ,ineco_l10n_th.a_1150_00,asset_current,TRUE,ineco_l10n_th.chart
a_1155_00,1155.00,ภาษีซื้อรอนำส่ง,ineco_l10n_th.a_1150_00,asset_current,TRUE,ineco_l10n_th.chart
a_1156_00,1156.00,ลูกหนี้.กรมสรรพากร,ineco_l10n_th.a_1150_00,asset_current,TRUE,ineco_l10n_th.chart
a_1200_00,1200.00,ลูกหนี้เงินให้กู้ยืมแก่กรรมการและลูกจ้าง,ineco_l10n_th.a_1000_00,view,TRUE,ineco_l10n_th.chart
a_1210_00,1210.00,ลูกหนี้เงินให้กู้ยืม.นาย...,ineco_l10n_th.a_1200_00,asset_current,TRUE,ineco_l10n_th.chart
a_1300_00,1300.00,เงินลงทุนในบริษัทในเครือ,ineco_l10n_th.a_1000_00,asset_current,TRUE,ineco_l10n_th.chart
a_1400_00,1400.00,ที่ดิน อาคารและอุปกรณ์สุทธิ,ineco_l10n_th.a_1000_00,view,TRUE,ineco_l10n_th.chart
a_1410_00,1410.00,ที่ดิน อาคาร และอุปกรณ์,ineco_l10n_th.a_1400_00,view,FALSE,ineco_l10n_th.chart
a_1410_01,1410.01,เครื่องใช้สำนักงาน,ineco_l10n_th.a_1410_00,asset_fixed,TRUE,ineco_l10n_th.chart
a_1410_02,1410.02,เครื่องตกแต่งสำนักงาน,ineco_l10n_th.a_1410_00,asset_fixed,TRUE,ineco_l10n_th.chart
a_1410_03,1410.03,เครื่องมือเครื่องใช้,ineco_l10n_th.a_1410_00,asset_fixed,TRUE,ineco_l10n_th.chart
a_1410_04,1410.04,ยานพาหนะ,ineco_l10n_th.a_1410_00,asset_fixed,TRUE,ineco_l10n_th.chart
a_1410_05,1410.05,อาคาร,ineco_l10n_th.a_1410_00,asset_fixed,TRUE,ineco_l10n_th.chart
a_1410_06,1410.06,ส่วนปรับปรุงอาคาร,ineco_l10n_th.a_1410_00,asset_fixed,TRUE,ineco_l10n_th.chart
a_1410_07,1410.07,เครื่องจักร,ineco_l10n_th.a_1410_00,asset_fixed,TRUE,ineco_l10n_th.chart
a_1420_00,1420.00,ค่าเสื่อมราคาสะสม,ineco_l10n_th.a_1400_00,view,FALSE,ineco_l10n_th.chart
a_1420_01,1420.01,ค่าเสื่อมราคาสะสม.เครื่องใช้สำนักงาน,ineco_l10n_th.a_1420_00,asset_non_current,TRUE,ineco_l10n_th.chart
a_1420_02,1420.02,ค่าเสื่อมราคาสะสม.เครื่องตกแต่งสำนักงาน,ineco_l10n_th.a_1420_00,asset_non_current,TRUE,ineco_l10n_th.chart
a_1420_03,1420.03,ค่าเสื่อมราคาสะสม.เครื่องมือเครื่องใช้,ineco_l10n_th.a_1420_00,asset_non_current,TRUE,ineco_l10n_th.chart
a_1420_04,1420.04,ค่าเสื่อมราคาสะสม.ยานพาหนะ,ineco_l10n_th.a_1420_00,asset_non_current,TRUE,ineco_l10n_th.chart
a_1420_05,1420.05,ค่าเสื่อมราคาสะสม.อาคาร,ineco_l10n_th.a_1420_00,asset_non_current,TRUE,ineco_l10n_th.chart
a_2000_00,2000.00,***หนี้สิน***,,view,FALSE,ineco_l10n_th.chart
a_2100_00,2100.00,หนี้สินหมุนเวียน,ineco_l10n_th.a_2000_00,view,FALSE,ineco_l10n_th.chart
a_2120_00,2120.00,เจ้าหนี้การค้าและตั๋วเงินจ่าย,ineco_l10n_th.a_2100_00,view,FALSE,ineco_l10n_th.chart
a_2120_01,2120.01,เจ้าหนี้การค้าภายในประเทศ,ineco_l10n_th.a_2120_00,liability_payable,TRUE,ineco_l10n_th.chart
a_2120_02,2120.02,เจ้าหนี้การค้าต่างประเทศ,ineco_l10n_th.a_2120_00,liability_payable,TRUE,ineco_l10n_th.chart
a_2120_03,2120.03,เช็คจ่ายล่วงหน้า,ineco_l10n_th.a_2120_00,liability_current,TRUE,ineco_l10n_th.chart
a_2130_00,2130.00,หนี้สินหมุนเวียนอื่น,ineco_l10n_th.a_2100_00,view,FALSE,ineco_l10n_th.chart
a_2131_00,2131.00,ค่าใช้จ่ายค้างจ่าย,ineco_l10n_th.a_2130_00,view,FALSE,ineco_l10n_th.chart
a_2131_01,2131.01,เงินเดือนค้างจ่าย,ineco_l10n_th.a_2131_00,liability_current,TRUE,ineco_l10n_th.chart
a_2131_02,2131.02,เงินโบนัสค้างจ่าย,ineco_l10n_th.a_2131_00,liability_current,TRUE,ineco_l10n_th.chart
a_2131_03,2131.03,ค่านายหน้าค้างจ่าย,ineco_l10n_th.a_2131_00,liability_current,TRUE,ineco_l10n_th.chart
a_2131_04,2131.04,ค่าประกันสังคมค้างจ่าย,ineco_l10n_th.a_2131_00,liability_current,TRUE,ineco_l10n_th.chart
a_2131_05,2131.05,ค่าโทรศัพท์ค้างจ่าย,ineco_l10n_th.a_2131_00,liability_current,TRUE,ineco_l10n_th.chart
a_2131_06,2131.06,ค่าไฟฟ้าค้างจ่าย,ineco_l10n_th.a_2131_00,liability_current,TRUE,ineco_l10n_th.chart
a_2131_07,2131.07,ค่าน้ำประปาค้างจ่าย,ineco_l10n_th.a_2131_00,liability_current,TRUE,ineco_l10n_th.chart
a_2131_08,2131.08,เงินปันผลค้างจ่าย,ineco_l10n_th.a_2131_00,liability_current,TRUE,ineco_l10n_th.chart
a_2131_09,2131.09,ค่าใช้จ่ายค้างจ่ายอื่นๆ,ineco_l10n_th.a_2131_00,liability_current,TRUE,ineco_l10n_th.chart
a_2131_10,2131.10,ดอกเบี้ยเงินกู้ค้างจ่าย,ineco_l10n_th.a_2131_00,liability_current,TRUE,ineco_l10n_th.chart
a_2131_11,2131.11,ค่ารักษาความปลอดภัยค้างจ่าย,ineco_l10n_th.a_2130_00,liability_current,TRUE,ineco_l10n_th.chart
a_2132_00,2132.00,ภาษีค้างจ่าย,ineco_l10n_th.a_2130_00,view,FALSE,ineco_l10n_th.chart
a_2132_01,2132.01,ภาษีหัก ณ ที่จ่ายค้างจ่าย ภงด.1,ineco_l10n_th.a_2132_00,liability_current,TRUE,ineco_l10n_th.chart
a_2132_02,2132.02,ภาษีหัก ณ ที่จ่ายค้างจ่าย ภงด.3/53,ineco_l10n_th.a_2132_00,liability_current,TRUE,ineco_l10n_th.chart
a_2132_03,2132.03,ภาษีหัก ณ ที่จ่ายค้างจ่าย ภงด.2,ineco_l10n_th.a_2132_00,liability_current,TRUE,ineco_l10n_th.chart
a_2132_04,2132.04,ภาษีเงินได้นิติบุคคลค้างจ่าย,ineco_l10n_th.a_2132_00,liability_current,TRUE,ineco_l10n_th.chart
a_2133_00,2133.00,รายได้รับล่วงหน้า,ineco_l10n_th.a_2130_00,view,FALSE,ineco_l10n_th.chart
a_2133_01,2133.01,รายได้รับล่วงหน้า.ค่าสินค้า,ineco_l10n_th.a_2133_00,liability_current,TRUE,ineco_l10n_th.chart
a_2133_02,2133.02,รายได้รับล่วงหน้า.ค่านายหน้า,ineco_l10n_th.a_2133_00,liability_current,TRUE,ineco_l10n_th.chart
a_2134_00,2134.00,เงินมัดจำรับและเงินค้ำประกัน,ineco_l10n_th.a_2130_00,liability_current,TRUE,ineco_l10n_th.chart
a_2135_00,2135.00,ภาษีขาย,ineco_l10n_th.a_2130_00,liability_current,TRUE,ineco_l10n_th.chart
a_2136_00,2136.00,ภาษีขาย.รอเรียกเก็บ,ineco_l10n_th.a_2130_00,liability_current,TRUE,ineco_l10n_th.chart
a_2137_00,2137.00,เจ้าหนี้กรมสรรพากร,ineco_l10n_th.a_2130_00,liability_current,TRUE,ineco_l10n_th.chart
a_2138_00,2138.00,เจ้าหนี้เงินกู้ยืมจากกรรมการ,ineco_l10n_th.a_2130_00,liability_current,TRUE,ineco_l10n_th.chart
a_2139_00,2139.00,เจ้าหนี้อื่น ๆ,ineco_l10n_th.a_2130_00,liability_payable,TRUE,ineco_l10n_th.chart
a_2200_00,2200.00,เงินกู้ยืมระยะยาว,ineco_l10n_th.a_2000_00,view,FALSE,ineco_l10n_th.chart
a_2210_00,2210.00,เงินกู้ยืมธนาคารระยะยาว,ineco_l10n_th.a_2200_00,liability_non_current,TRUE,ineco_l10n_th.chart
a_3000_00,3000.00,***ส่วนของผู้ถือหุ้น***,,view,FALSE,ineco_l10n_th.chart
a_3100_00,3100.00,ทุน,ineco_l10n_th.a_3000_00,equity,TRUE,ineco_l10n_th.chart
a_3200_00,3200.00,สำรองตามกฎหมาย,ineco_l10n_th.a_3000_00,equity,TRUE,ineco_l10n_th.chart
a_3300_00,3300.00,กำไรสะสม,ineco_l10n_th.a_3000_00,equity,TRUE,ineco_l10n_th.chart
a_3400_00,3400.00,กำไร(ขาดทุน),ineco_l10n_th.a_3000_00,equity_unaffected,TRUE,ineco_l10n_th.chart
a_4000_00,4000.00,***รายได้***,,view,FALSE,ineco_l10n_th.chart
a_4100_00,4100.00,รายได้จากการขายสินค้า.สุทธิ,ineco_l10n_th.a_4000_00,view,FALSE,ineco_l10n_th.chart
a_4100_01,4100.01,ขายสินค้าภายในประเทศ,ineco_l10n_th.a_4100_00,income,TRUE,ineco_l10n_th.chart
a_4100_02,4100.02,ขายสินค้าต่างประเทศ,ineco_l10n_th.a_4100_00,income,TRUE,ineco_l10n_th.chart
a_4100_03,4100.03,รับคืนสินค้า,ineco_l10n_th.a_4100_00,income,TRUE,ineco_l10n_th.chart
a_4100_04,4100.04,ส่วนลดจ่าย,ineco_l10n_th.a_4100_00,income,TRUE,ineco_l10n_th.chart
a_4200_00,4200.00,รายได้อื่น ๆ,ineco_l10n_th.a_4000_00,view,FALSE,ineco_l10n_th.chart
a_4200_01,4200.01,ดอกเบี้ยรับ,ineco_l10n_th.a_4200_00,income_other,TRUE,ineco_l10n_th.chart
a_4200_02,4200.02,กำไร(ขาดทุน)จากการจำหน่ายทรัพย์สิน,ineco_l10n_th.a_4200_00,income_other,TRUE,ineco_l10n_th.chart
a_4200_03,4200.03,ส่วนลดเงินสดรับ,ineco_l10n_th.a_4200_00,income_other,TRUE,ineco_l10n_th.chart
a_4200_04,4200.04,กำไร(ขาดทุน)จากอัตราแลกเปลี่ยน,ineco_l10n_th.a_4200_00,income_other,TRUE,ineco_l10n_th.chart
a_4200_05,4200.05,รายได้อื่น ๆ,ineco_l10n_th.a_4200_00,income_other,TRUE,ineco_l10n_th.chart
a_4200_06,4200.06,ส่วนลดรับ(เบ็ดเตล็ด),ineco_l10n_th.a_4200_00,income_other,TRUE,ineco_l10n_th.chart
a_5000_00,5000.00,***ค่าใช้จ่าย***,,view,FALSE,ineco_l10n_th.chart
a_5100_00,5100.00,ต้นทุนขายสุทธิ,ineco_l10n_th.a_5000_00,view,FALSE,ineco_l10n_th.chart
a_5110_00,5110.00,ต้นทุนสินค้าเพื่อขาย,ineco_l10n_th.a_5100_00,expense_direct_cost,TRUE,ineco_l10n_th.chart
a_5130_00,5130.00,ซื้อสุทธิ,ineco_l10n_th.a_5100_00,view,FALSE,ineco_l10n_th.chart
a_5130_01,5130.01,ซื้อสินค้าภายในประเทศ,ineco_l10n_th.a_5130_00,expense_direct_cost,TRUE,ineco_l10n_th.chart
a_5130_02,5130.02,ซื้อสินค้าต่างประเทศ,ineco_l10n_th.a_5130_00,expense_direct_cost,TRUE,ineco_l10n_th.chart
a_5130_03,5130.03,ส่งคืนสินค้า,ineco_l10n_th.a_5130_00,expense_direct_cost,TRUE,ineco_l10n_th.chart
a_5130_04,5130.04,ส่วนลดรับ,ineco_l10n_th.a_5130_00,expense_direct_cost,TRUE,ineco_l10n_th.chart
a_5140_00,5140.00,ค่าใช้จ่ายในการซื้อ,ineco_l10n_th.a_5100_00,view,TRUE,ineco_l10n_th.chart
a_5140_01,5140.01,ค่าใช้จ่ายนำเข้า,ineco_l10n_th.a_5140_00,expense_direct_cost,TRUE,ineco_l10n_th.chart
a_5140_02,5140.02,ค่าภาษีศุลกากร,ineco_l10n_th.a_5140_00,expense_direct_cost,TRUE,ineco_l10n_th.chart
a_5200_00,5200.00,ค่าใช้จ่ายในการขาย,ineco_l10n_th.a_5000_00,view,FALSE,ineco_l10n_th.chart
a_5200_01,5200.01,เงินเดือน.ฝ่ายขาย,ineco_l10n_th.a_5200_00,expense,TRUE,ineco_l10n_th.chart
a_5200_02,5200.02,โบนัส.ฝ่ายขาย,ineco_l10n_th.a_5200_00,expense,TRUE,ineco_l10n_th.chart
a_5200_03,5200.03,ค่านายหน้า,ineco_l10n_th.a_5200_00,expense,TRUE,ineco_l10n_th.chart
a_5200_04,5200.04,ค่าประกันสังคม.ฝ่ายขาย,ineco_l10n_th.a_5200_00,expense,TRUE,ineco_l10n_th.chart
a_5200_05,5200.05,ค่าขนส่ง,ineco_l10n_th.a_5200_00,expense,TRUE,ineco_l10n_th.chart
a_5200_06,5200.06,ค่ารับรอง,ineco_l10n_th.a_5200_00,expense,TRUE,ineco_l10n_th.chart
a_5200_07,5200.07,ค่าส่งเสริมการขาย,ineco_l10n_th.a_5200_00,expense,TRUE,ineco_l10n_th.chart
a_5200_08,5200.08,ค่ายานพาหนะ.รถกระบะส่งของ,ineco_l10n_th.a_5200_00,expense,TRUE,ineco_l10n_th.chart
a_5200_09,5200.09,ค่าใช้จ่ายเดินทางและยานพาหนะ,ineco_l10n_th.a_5200_00,expense,TRUE,ineco_l10n_th.chart
a_5300_00,5300.00,ค่าใช้จ่ายในการบริหาร,ineco_l10n_th.a_5000_00,view,FALSE,ineco_l10n_th.chart
a_5310_00,5310.00,ค่าใช้จ่ายเกี่ยวกับพนักงาน.เงินเดือนและสวัสดิการ,ineco_l10n_th.a_5300_00,view,FALSE,ineco_l10n_th.chart
a_5310_01,5310.01,เงินเดือน.ฝ่ายบริหาร,ineco_l10n_th.a_5310_00,expense,TRUE,ineco_l10n_th.chart
a_5310_02,5310.02,โบนัส.ฝ่ายบริหาร,ineco_l10n_th.a_5310_00,expense,TRUE,ineco_l10n_th.chart
a_5310_03,5310.03,ค่าล่วงเวลา,ineco_l10n_th.a_5310_00,expense,TRUE,ineco_l10n_th.chart
a_5310_04,5310.04,เงินเพิ่มพิเศษ,ineco_l10n_th.a_5310_00,expense,TRUE,ineco_l10n_th.chart
a_5310_05,5310.05,ค่าเบี้ยขยัน,ineco_l10n_th.a_5310_00,expense,TRUE,ineco_l10n_th.chart
a_5310_06,5310.06,ค่าเบี้ยเลี้ยง,ineco_l10n_th.a_5310_00,expense,TRUE,ineco_l10n_th.chart
a_5310_07,5310.07,ค่าใช้จ่ายผลประโยชน์การเกษียณอายุของพนักงาน.ฝ่ายบริหาร,ineco_l10n_th.a_5310_00,expense,TRUE,ineco_l10n_th.chart
a_5310_08,5310.08,ค่าโฆษณา.HR,ineco_l10n_th.a_5310_00,expense,TRUE,ineco_l10n_th.chart
a_5310_09,5310.09,ค่าประกันสังคม.ฝ่ายบริหาร,ineco_l10n_th.a_5310_00,expense,TRUE,ineco_l10n_th.chart
a_5310_10,5310.10,ค่าเงินสมทบกองทุนทดแทน,ineco_l10n_th.a_5310_00,expense,TRUE,ineco_l10n_th.chart
a_5310_11,5310.11,ค่าสวัสดิการ,ineco_l10n_th.a_5310_00,expense,TRUE,ineco_l10n_th.chart
a_5310_12,5310.12,ค่าอบรมสัมนา,ineco_l10n_th.a_5310_00,expense,TRUE,ineco_l10n_th.chart
a_5310_13,5310.13,ค่าแบบฟอร์มพนักงาน,ineco_l10n_th.a_5310_00,expense,TRUE,ineco_l10n_th.chart
a_5310_14,5310.14,ค่าเบี้ยประกันสุขภาพพนักงาน,ineco_l10n_th.a_5310_00,expense,TRUE,ineco_l10n_th.chart
a_5310_15,5310.15,ค่าจัดเลี้ยงและสันทนาการ,ineco_l10n_th.a_5310_00,expense,TRUE,ineco_l10n_th.chart
a_5310_16,5310.16,ค่าชดเชยกรณีเลิกจ้าง,ineco_l10n_th.a_5310_00,expense,TRUE,ineco_l10n_th.chart
a_5320_00,5320.00,ค่าใช้จ่ายสำนักงาน,ineco_l10n_th.a_5300_00,view,FALSE,ineco_l10n_th.chart
a_5320_01,5320.01,ค่าเครื่องเขียนแบบพิมพ์,ineco_l10n_th.a_5320_00,expense,TRUE,ineco_l10n_th.chart
a_5320_02,5320.02,ค่าซ่อมแซม,ineco_l10n_th.a_5320_00,expense,TRUE,ineco_l10n_th.chart
a_5320_03,5320.03,ค่าพัฒนาระบบ ISO,ineco_l10n_th.a_5320_00,expense,TRUE,ineco_l10n_th.chart
a_5320_04,5320.04,ค่าพัฒนาระบบคอมพิวเตอร์,ineco_l10n_th.a_5320_00,expense,TRUE,ineco_l10n_th.chart
a_5320_05,5320.05,ค่าเช่า.สำนักงาน,ineco_l10n_th.a_5320_00,expense,TRUE,ineco_l10n_th.chart
a_5320_06,5320.06,ค่าเช่า.ที่ดิน,ineco_l10n_th.a_5320_00,expense,TRUE,ineco_l10n_th.chart
a_5320_07,5320.07,ค่าบริการบำรุงรักษาสำนักงาน,ineco_l10n_th.a_5320_00,expense,TRUE,ineco_l10n_th.chart
a_5320_08,5320.08,ค่ายามรักษาความปลอดภัย,ineco_l10n_th.a_5320_00,expense,TRUE,ineco_l10n_th.chart
a_5320_09,5320.09,ค่าเช่า.เครื่องถ่ายเอกสาร,ineco_l10n_th.a_5320_00,expense,TRUE,ineco_l10n_th.chart
a_5320_10,5320.10,ค่างานวิจัยบริษัท,ineco_l10n_th.a_5320_00,expense,TRUE,ineco_l10n_th.chart
a_5320_11,5320.11,ค่าจ้างเหมางาน,ineco_l10n_th.a_5320_00,expense,TRUE,ineco_l10n_th.chart
a_5320_12,5320.12,ค่าสอบเทียบอุปกรณ์,ineco_l10n_th.a_5320_00,expense,TRUE,ineco_l10n_th.chart
a_5330_00,5330.00,ค่าสาธารณูปโภคและสื่อสาร,ineco_l10n_th.a_5300_00,view,FALSE,ineco_l10n_th.chart
a_5330_01,5330.01,ค่าโทรศัพท์,ineco_l10n_th.a_5330_00,expense,TRUE,ineco_l10n_th.chart
a_5330_02,5330.02,ค่าไฟฟ้า,ineco_l10n_th.a_5330_00,expense,TRUE,ineco_l10n_th.chart
a_5330_03,5330.03,ค่าน้ำประปา,ineco_l10n_th.a_5330_00,expense,TRUE,ineco_l10n_th.chart
a_5330_04,5330.04,ค่าไปรษณีย์,ineco_l10n_th.a_5330_00,expense,TRUE,ineco_l10n_th.chart
a_5340_00,5340.00,ค่าเสื่อมราคา,ineco_l10n_th.a_5300_00,view,FALSE,ineco_l10n_th.chart
a_5340_01,5340.01,ค่าเสื่อมราคา.เครื่องใช้สำนักงาน,ineco_l10n_th.a_5340_00,expense_depreciation,TRUE,ineco_l10n_th.chart
a_5340_02,5340.02,ค่าเสื่อมราคา.เครื่องตกแต่งสำนักงาน,ineco_l10n_th.a_5340_00,expense_depreciation,TRUE,ineco_l10n_th.chart
a_5340_03,5340.03,ค่าเสื่อมราคา.เครื่องมือเครื่องใช้,ineco_l10n_th.a_5340_00,expense_depreciation,TRUE,ineco_l10n_th.chart
a_5340_04,5340.04,ค่าเสื่อมราคา.ยานพาหนะ,ineco_l10n_th.a_5340_00,expense_depreciation,TRUE,ineco_l10n_th.chart
a_5340_05,5340.05,ค่าเสื่อมราคา.อาคาร,ineco_l10n_th.a_5340_00,expense_depreciation,TRUE,ineco_l10n_th.chart
a_5350_00,5350.00,ค่าเบี้ยประกันภัย,ineco_l10n_th.a_5300_00,view,FALSE,ineco_l10n_th.chart
a_5350_01,5350.01,ค่าเบี้ยประกัน.เครื่องใช้สำนักงาน,ineco_l10n_th.a_5350_00,expense,TRUE,ineco_l10n_th.chart
a_5350_02,5350.02,ค่าเบี้ยประกัน.เครื่องตกแต่งสำนักงาน,ineco_l10n_th.a_5350_00,expense,TRUE,ineco_l10n_th.chart
a_5350_03,5350.03,ค่าเบี้ยประกัน.ยานพาหนะ,ineco_l10n_th.a_5350_00,expense,TRUE,ineco_l10n_th.chart
a_5350_04,5350.04,ค่าเบี้ยประกัน.อาคารและโกดังสินค้า,ineco_l10n_th.a_5350_00,expense,TRUE,ineco_l10n_th.chart
a_5360_00,5360.00,ค่าภาษีและค่าธรรมเนียม,ineco_l10n_th.a_5300_00,view,FALSE,ineco_l10n_th.chart
a_5360_01,5360.01,ค่าภาษีบำรุงท้องที่และภาษีโรงเรือน,ineco_l10n_th.a_5360_00,expense,TRUE,ineco_l10n_th.chart
a_5360_02,5360.02,ค่าภาษียานพาหนะ,ineco_l10n_th.a_5360_00,expense,TRUE,ineco_l10n_th.chart
a_5360_03,5360.03,ค่าภาษีป้าย,ineco_l10n_th.a_5360_00,expense,TRUE,ineco_l10n_th.chart
a_5360_04,5360.04,ค่าธรรมเนียมธนาคาร,ineco_l10n_th.a_5360_00,expense,TRUE,ineco_l10n_th.chart
a_5360_05,5360.05,ค่าตรวจสอบบัญชีและปรึกษากฏหมาย,ineco_l10n_th.a_5360_00,expense,TRUE,ineco_l10n_th.chart
a_5360_06,5360.06,ค่าธรรมเนียมหนังสือค้ำประกัน,ineco_l10n_th.a_5360_00,expense,TRUE,ineco_l10n_th.chart
a_5360_07,5360.07,ค่าธรรมเนียมอื่น ๆ,ineco_l10n_th.a_5360_00,expense,TRUE,ineco_l10n_th.chart
a_5360_08,5360.08,ค่าธรรมเนียมกำจัดขยะ,ineco_l10n_th.a_5360_00,expense,TRUE,ineco_l10n_th.chart
a_5370_00,5370.00,ค่าใช้จ่ายอื่น ๆ,ineco_l10n_th.a_5300_00,view,FALSE,ineco_l10n_th.chart
a_5370_01,5370.01,ดอกเบี้ยธนาคาร,ineco_l10n_th.a_5370_00,expense,TRUE,ineco_l10n_th.chart
a_5370_02,5370.02,หนี้สงสัยจะสูญ,ineco_l10n_th.a_5370_00,expense,TRUE,ineco_l10n_th.chart
a_5370_03,5370.03,ค่าอาจารย์พิเศษ,ineco_l10n_th.a_5370_00,expense,TRUE,ineco_l10n_th.chart
a_5370_04,5370.04,ค่าบริจาคการกุศล,ineco_l10n_th.a_5370_00,expense,TRUE,ineco_l10n_th.chart
a_5370_05,5370.05,ค่าดำเนินคดีทางกฎหมาย,ineco_l10n_th.a_5370_00,expense,TRUE,ineco_l10n_th.chart
a_5370_06,5370.06,ค่าใช้จ่ายเบ็ดเตล็ด,ineco_l10n_th.a_5370_00,expense,TRUE,ineco_l10n_th.chart
a_5370_07,5370.07,ค่าที่ปรึกษา,ineco_l10n_th.a_5370_00,expense,TRUE,ineco_l10n_th.chart
a_5370_08,5370.08,ค่าเภสัชกรรม,ineco_l10n_th.a_5370_00,expense,TRUE,ineco_l10n_th.chart
a_5370_09,5370.09,ค่าออกแบบตกแต่ง,ineco_l10n_th.a_5370_00,expense,TRUE,ineco_l10n_th.chart
a_5370_10,5370.10,ส่วนลดจ่าย(เบ็ดเตล็ด),ineco_l10n_th.a_5370_00,expense,TRUE,ineco_l10n_th.chart
a_5380_00,5380.00,หนี้สูญ,ineco_l10n_th.a_5300_00,expense,TRUE,ineco_l10n_th.chart
a_5390_00,5390.00,ค่าใช้จ่ายต้องห้าม,ineco_l10n_th.a_5300_00,view,FALSE,ineco_l10n_th.chart
a_5390_01,5390.01,ภาษีซื้อไม่ขอคืน,ineco_l10n_th.a_5390_00,expense,TRUE,ineco_l10n_th.chart
a_5390_02,5390.02,ภาษีซื้อขอคืนไม่ได้,ineco_l10n_th.a_5390_00,expense,TRUE,ineco_l10n_th.chart
a_5390_03,5390.03,เบี้ยปรับเงินเพิ่ม,ineco_l10n_th.a_5390_00,expense,TRUE,ineco_l10n_th.chart
a_5390_04,5390.04,ภาษีเงินได้นิติบุคคลตัดจ่าย,ineco_l10n_th.a_5390_00,expense,TRUE,ineco_l10n_th.chart
a_5390_05,5390.05,รายจ่ายต้องห้าม,ineco_l10n_th.a_5390_00,expense,TRUE,ineco_l10n_th.chart